Venue,City State
Horseshoe Las Vegas,89109
Caesars Palace, 89109
MGM Grand,89109
South Point Casino,89183
Turning Stone Casino,13478
Commerce Casino,90040
The Gardens Casino,90716
Hard Rock Casino Cincinnati,45202
Riverside Resort & Casino,89029
The Orleans Casino,89103
Live! Casino Philadelphia,101
Jamul Casino,100
Horseshoe Casino Tunica,95
Harrah's Laughlin,85
Sahara Las Vegas,84
Talking Stick Resort,81
Thunder Valley Casino,78
Agua Caliente Casino,77
Gila River Casino - Lone Butte,77
Black Pearl Casino,75
The Last Frontier Casino,75
Grand Sierra Resort Casino,73
Peppermill Casino,70
Hollywood Park Casino,70
Rivers Casino Philadelphia,64
Sycuan Casino,63
Fortune Lacey Casino & Poker,61
Horseshoe Indianapolis,60
Hollywood Casino Columbus,60
River Spirit Casino,58
Atlantis Casino,58
Venetian Casino,53
Aria Casino,52
Mohegan Sun,51
Maryland Live! Casino at Arundel Mills,51
Wynn Casino,50
Resorts World Catskills,46
Portland Meadows,44
Carson Valley Inn,44
The Diamond Poker Club,43
Hon-Dah Casino,43
Clearwater Saloon & Casino,42
WinStar World Casino,42
Live! Casino Pittsburgh,42
Mohegan Sun Pocono,42
Desert Diamond Casino,42
MGM National Harbor,41
Playground Poker Club,39
Seminole Hard Rock Hollywood,37
Bellagio Casino,35
Casino Club,35
bestbet Jacksonville,34
Mad River Poker Club,33
Wildhorse Casino,33
Mandalay Bay,33
Northwoods Casino,32
MGM Springfield,27
Island Casino,27
Foxwoods Casino,26
Silverado Franklin Casino,26
Sandia Poker Room,26
Caesars Southern Indiana,26
Buzz Inn Casino & Steakhouse,26
Bonita Springs Poker Room,25
Ebro Poker Room,25
Choctaw Casino Durant,25
Bally's Shreveport,24
Bally's Black Hawk Casino,23
FireKeepers Casino,23
Westgate Las Vegas Resort & Casino,22
Oxford Downs Poker Room,22
JACK Cleveland Casino,20
Graton Resort & Casino,20
Cadillac Jack's Gaming Resort,20
Lakes Region Casino,20
Borgata Hotel Casino & Spa,19
bestbet Orange Park,19
Grand Victoria Casino,18
Horseshoe Casino Hammond,18
Ontario Poker Room & Social Club,17
Chumash Casino,17
Grand Casino Resort,17
Wild Goose Casino,17
Elk Valley Casino,17
Tri-State Social,16
Capitol Casino,15
Silks @ Tampa Bay Downs,15
Horseshoe Casino St. Louis,15
Club One Casino,15
Hollywood Casino Perryville,14
Bay 101 Casino,14
One-Eyed Jacks,14
Derby Lane Poker Room,14
Hard Rock Tulsa,13
Poker Palace Casino,13
TGT Poker & Racebook,13
Larry Flynt's Lucky Lady Casino,13
Ocean's 11 Casino,12
Oceanview Casino,12
Four Winds South Bend,12
Seminole Hard Rock Tampa,12
Canterbury Park,11
Club 52 Melbourne Greyhound Park,11
Manchester Poker Room,11
Lucky Chances Casino,10
Orange City Racing & Card Club,10
Seminole Coconut Creek,10
Parkwest Casino Manteca,9
Rivers Casino & Resort at Mohawk Harbor,9
Towers Casino,9
Running Aces Casino & Racetrack,9
Casino Caribbean Kirkland,9
Lilac Lanes & Casino,9
Medford Social Club Poker Room,8
Pensacola Greyhound Track,8
Saloon No. 10,8
Outlaws Card Parlour,8
Palm Beach Kennel Club,8
Horseshoe Baltimore,8
Red Dragon Casino,8
Garlic City Casino,8
Ace & Vine,8
Jokers Casino,7
bestbet St. Augustine,6
Downstream Casino,6
The Casino @ Dania Beach,6
Roxbury Lanes Casino,6
Daytona Beach Racing and Card Club,6
Saracen Casino Resort,5
Golden West Casino,5
Bear River Casino,5
Ocala Gainesville Poker,5
Dover Poker Room & Casino,5
The Event Spot Poker Room,5
Pete's 881 Club,4
The Lodge Poker Club,4
Livermore Casino,4
Peppermill Poker Room,4
Corunna Poker Room,4
Krazy Kopz at Vision Lanes,4
Harrah's Pompano Beach,3
Texas Card House Dallas,3
Doghouse Poker Club,3
Resorts World Las Vegas,3
Seven Clans Casino Warroad,3
Spades Social,3
Rounders Card Club,3
Chicagoland Charity Poker,3
Poker House of Dallas,2
Shuffle 214,2
The Fort Card Room,2
Prime Social Poker Club,2
Peaks Dallas,2
Texas Card House Spring,2
Paramount Social Club,2
The Office Card House,2
Rivers Casino-Pittsburgh,2
The New Saginaw Poker Room,2
Beach Poker Club,2
Hustler Casino,2
Jamestown Saloon,2
Chicago Charitable Games,2
Stagecoach Casino,2
Grants Pass Poker Room,2
Ruggles Social Club,2
Hollywood Casino at Greektown,2
Rosemack Poker Room,2
Waterford Card Room at 300 Bowl,2
Grand Royal Wolinak Casino,2
Full House Poker,2
KoJack's Poker Club,1
Empire Poker Club,1
San Antonio Poker Palace,1
Shuffle 512,1
House of Kings Card Club,1
The Hangar Poker House,1
Georgetown Poker Club,1
The River League,1
Texas Card House Austin,1
Momo's Poker Room,1
Capri Poker Room,1
Spades Poker House,1
101 Poker Club,1
Empire Poker Club Katy,1
Gin Mill Card Club Lubbock,1
Amarillo Social Club,1
Alpha Social Card Club,1
Indigo Sky Casino,1
Ciccarelli's Sports Bar,1
One Eyed Jacks Poker Room,1
Legends Poker Place of Metamora,1
Elks #155 Charity Casino,1
Windy City Poker Championship,1
Central Illinois Charitable Games,1
Casino Miami Jai-Alai,1
Oak Harbor Card Room,1
